{
  "accuracy": 0.9398,
  "precision": 0.9357907253269917,
  "recall": 0.9444,
  "f1": 0.9400756520007963,
  "roc_auc": 0.98492928
}